공간정보일련번호,격자분류명,격자명,공간정보
1,250000_A,NH52-04,MULTIPOLYGON (((125.99999395710479 30.00013343982161  125.99999396503515 30.2501329305776  125.9999947209462 30.500116723829166  125.99999399148642 30.750131910816386  125.99999471309229 31.00011675952713  126.24999472503907 31.000116756412552  126.49999472289241 31.000116757716874  126.7499947219796 31.000116760912015  126.99999472111891 31.00011676197778  127.24999471895298 31.00011675573284  127.49999472126072 31.000116762655765  127.74999472433328 31.000116759824593  127.99999472873495 31.000116756093362  127.99999471872688 30.750116832880757  127.99999472450952 30.500116828526977  127.99999472176262 30.250116821679832  127.99999471860836 30.00011680770278  127.74999471344834 30.00011696411446  127.49999472303199 30.00011668986035  127.24999468689363 30.000117885921284  126.99999464916236 30.000118924322038  126.74999458103808 30.000120647216796  126.49999472659127 30.00011670664282  126.24999425998928 30.00012743976869  125.99999395710479 30.00013343982161)))
2,250000_A,NH51-06,MULTIPOLYGON (((123.99999394146214 30.00013344325538  123.99999394939249 30.25013293401137  123.99999470530355 30.500116727262935  123.99999397584376 30.750131914250154  123.99999469744964 31.0001167629609  124.24999470939642 31.00011675984632  124.49999470724975 31.000116761150643  124.74999470633695 31.000116764345783  124.99999470547625 31.000116765411548  125.24999470331032 31.00011675916661  125.49999470561806 31.000116766089533  125.74999470869062 31.00011676325836  125.99999471309229 31.00011675952713  125.99999470308423 30.750116836314525  125.99999470886686 30.500116831960746  125.99999470611996 30.2501168251136  125.99999470296571 30.00011681113655  125.74999469780569 30.00011696754823  125.49999470738933 30.000116693294117  125.24999467125097 30.000117889355053  124.9999946335197 30.000118927755807  124.74999456539543 30.000120650650565  124.49999471094861 30.00011671007659  124.24999424434662 30.00012744320246  123.99999394146214 30.00013344325538)))
3,250000_A,NH52-01,MULTIPOLYGON (((125.99999545895321 31.00010013084207  125.99999546688356 31.25009962159806  125.99999622279462 31.500083414849627  125.99999549333484 31.750098601836847  125.99999621494071 32.00008345054759  126.24999622688749 32.00008344743301  126.49999622474083 32.000083448737335  126.74999622382802 32.000083451932475  126.99999622296733 32.00008345299824  127.24999622080139 32.0000834467533  127.49999622310914 32.000083453676226  127.7499962261817 32.000083450845054  127.99999623058336 32.00008344711382  127.9999962205753 31.750083523901218  127.99999622635794 31.500083519547438  127.99999622361103 31.250083512700293  127.99999622045678 31.000083498723242  127.74999621529676 31.000083655134922  127.4999962248804 31.00008338088081  127.24999618874205 31.000084576941745  126.99999615101078 31.0000856153425  126.7499960828865 31.000087338237257  126.49999622843968 31.000083397663282  126.2499957618377 31.00009413078915  125.99999545895321 31.00010013084207)))
4,250000_A,NH51-03,MULTIPOLYGON (((123.99999469744964 31.0001167629609  123.99999470537999 31.25011625371689  123.99999546129105 31.500100046968456  123.99999473183126 31.750115233955675  123.99999545343714 32.00010008266642  124.24999546538392 32.00010007955184  124.49999546323725 32.000100080856164  124.74999546232445 32.000100084051304  124.99999546146375 32.00010008511707  125.24999545929782 32.00010007887213  125.49999546160556 32.000100085795054  125.74999546467812 32.00010008296388  125.99999546907979 32.00010007923265  125.99999545907173 31.750100156020046  125.99999546485436 31.500100151666267  125.99999546210746 31.250100144819122  125.99999545895321 31.00010013084207  125.74999545379319 31.00010028725375  125.49999546337683 31.00010001299964  125.24999542723847 31.000101209060574  124.9999953895072 31.000102247461328  124.74999532138293 31.000103970356086  124.49999546693611 31.00010002978211  124.24999500033412 31.00011076290798  123.99999469744964 31.0001167629609)))
13,250000_A,NJ52-12,MULTIPOLYGON (((129.99999927017603 36.00001672250214  129.9999992781064 36.25001621325813  130.00000003401746 36.500000006509694  129.99999930455766 36.750015193496914  130.00000002616355 37.00000004220766  130.25000003811033 37.00000003909308  130.50000003596367 37.0000000403974  130.75000003505085 37.00000004359254  131.00000003419018 37.00000004465831  131.25000003202422 37.00000003841337  131.50000003433198 37.00000004533629  131.75000003740453 37.00000004250512  132.0000000418062 37.00000003877389  132.00000003179815 36.750000115561285  132.00000003758078 36.500000111207505  132.00000003483387 36.25000010436036  132.00000003167963 36.00000009038331  131.75000002651961 36.00000024679499  131.50000003610324 35.99999997254088  131.24999999996487 36.00000116860181  130.99999996223363 36.00000220700257  130.74999989410935 36.000003929897325  130.50000003966252 35.99999998932335  130.24999957306053 36.00001072244922  129.99999927017603 36.00001672250214)))
5,250000_A,NI52-10,MULTIPOLYGON (((125.99999621494071 32.00008345054759  125.99999622287106 32.25008294130358  125.99999697878212 32.50006673455515  125.99999624932234 32.75008192154237  125.99999697092821 33.00006677025311  126.24999698287499 33.000066767138534  126.49999698072833 33.000066768442856  126.74999697981552 33.000066771638  126.99999697895483 33.00006677270376  127.24999697678889 33.00006676645882  127.49999697909664 33.00006677338175  127.7499969821692 33.000066770550575  127.99999698657086 33.000066766819344  127.9999969765628 32.75006684360674  127.99999698234544 32.50006683925296  127.99999697959854 32.250066832405814  127.99999697644428 32.00006681842876  127.74999697128426 32.00006697484044  127.4999969808679 32.00006670058633  127.24999694472955 32.000067896647266  126.99999690699828 32.00006893504802  126.749996838874 32.00007065794278  126.49999698442718 32.0000667173688  126.2499965178252 32.00007745049467  125.99999621494071 32.00008345054759)))
42,50000_A,NI52-07-25,MULTIPOLYGON (((125.99999622506729 33.25008137265555  126.2499942675971 33.25008137265555  126.2499942675971 33.00008339893818  125.99999622506729 33.00008339893818  125.99999622506729 33.25008137265555)))
14,250000_A,NI52-03,MULTIPOLYGON (((129.99999926004944 35.00001677411156  129.99999926797977 35.25001626486755  130.00000002389083 35.50000005811911  129.99999929443106 35.75001524510633  130.00000001603692 36.00000009381708  130.2500000279837 36.0000000907025  130.50000002583704 36.00000009200682  130.75000002492425 36.00000009520196  131.00000002406352 36.000000096267726  131.25000002189762 36.00000009002279  131.50000002420535 36.00000009694571  131.7500000272779 36.00000009411454  132.00000003167958 36.00000009038331  132.0000000216715 35.750000167170704  132.00000002745415 35.500000162816924  132.00000002470725 35.25000015596978  132.00000002155298 35.00000014199273  131.75000001639296 35.00000029840441  131.50000002597662 35.000000024150296  131.24999998983827 35.00000122021123  130.99999995210698 35.000002258611985  130.7499998839827 35.000003981506744  130.5000000295359 35.00000004093277  130.2499995629339 35.00001077405864  129.99999926004944 35.00001677411156)))
10,250000_A,NI51-12,MULTIPOLYGON (((123.99999545343714 32.00010008266642  123.99999546136749 32.25009957342241  123.99999621727855 32.50008336667398  123.99999548781877 32.750098553661196  123.99999620942464 33.00008340237194  124.24999622137142 33.00008339925736  124.49999621922476 33.000083400561685  124.74999621831195 33.000083403756825  124.99999621745125 33.00008340482259  125.24999621528532 33.00008339857765  125.49999621759306 33.000083405500575  125.74999622066562 33.000083402669404  125.99999622506729 33.00008339893817  125.99999621505923 32.75008347572557  125.99999622084187 32.50008347137179  125.99999621809496 32.25008346452464  125.99999621494071 32.00008345054759  125.74999620978069 32.00008360695927  125.49999621936433 32.00008333270516  125.24999618322597 32.000084528766095  124.9999961454947 32.00008556716685  124.74999607737043 32.00008729006161  124.49999622292361 32.00008334948763  124.24999575632162 32.0000940826135  123.99999545343714 32.00010008266642)))
7,250000_A,NI52-07,MULTIPOLYGON (((125.99999697092821 33.00006677025311  125.99999697885856 33.2500662610091  125.99999773476962 33.50005005426067  125.99999700530984 33.75006524124789  125.99999772691571 34.000050089958634  126.24999773886249 34.000050086844055  126.49999773671583 34.00005008814838  126.74999773580302 34.00005009134352  126.99999773494233 34.00005009240928  127.2499977327764 34.00005008616434  127.49999773508414 34.00005009308727  127.7499977381567 34.000050090256096  127.99999774255836 34.000050086524865  127.9999977325503 33.75005016331226  127.99999773833294 33.50005015895848  127.99999773558604 33.250050152111335  127.99999773243178 33.000050138134284  127.74999772727176 33.000050294545964  127.4999977368554 33.00005002029185  127.24999770071705 33.00005121635279  126.99999766298578 33.00005225475354  126.7499975948615 33.0000539776483  126.49999774041468 33.000050037074324  126.2499972738127 33.00006077020019  125.99999697092821 33.00006677025311)))
19,250000_A,NJ52-11,MULTIPOLYGON (((127.99999850867246 36.00003335462097  127.99999851660282 36.25003284537696  127.99999927251388 36.50001663862852  127.99999854305409 36.75003182561574  127.99999926465996 37.00001667432649  128.24999927660673 37.00001667121191  128.4999992744601 37.00001667251623  128.74999927354727 37.00001667571137  128.99999927268658 37.000016676777136  129.24999927052065 37.0000166705322  129.4999992728284 37.00001667745512  129.74999927590096 37.00001667462395  129.99999928030263 37.00001667089272  129.99999927029455 36.750016747680114  129.99999927607718 36.500016743326334  129.99999927333027 36.25001673647919  129.99999927017603 36.00001672250214  129.74999926501602 36.00001687891382  129.49999927459965 36.000016604659706  129.2499992384613 36.00001780072064  128.99999920073003 36.000018839121395  128.74999913260575 36.000020562016154  128.49999927815895 36.00001662144218  128.24999881155696 36.00002735456805  127.99999850867246 36.00003335462097)))
11,250000_A,NI51-09,MULTIPOLYGON (((123.99999620942464 33.00008340237194  123.99999621735499 33.25008289312793  123.99999697326605 33.5000666863795  123.99999624380627 33.75008187336672  123.99999696541214 34.00006672207746  124.24999697735892 34.000066718962884  124.49999697521226 34.000066720267206  124.74999697429945 34.000066723462346  124.99999697343875 34.00006672452811  125.24999697127282 34.00006671828317  125.49999697358056 34.000066725206096  125.74999697665312 34.000066722374925  125.99999698105479 34.000066718643694  125.99999697104673 33.75006679543109  125.99999697682937 33.50006679107731  125.99999697408246 33.250066784230164  125.99999697092821 33.00006677025311  125.74999696576819 33.00006692666479  125.49999697535183 33.00006665241068  125.24999693921347 33.000067848471616  124.9999969014822 33.00006888687237  124.74999683335793 33.00007060976713  124.49999697891111 33.00006666919315  124.24999651230912 33.00007740231902  123.99999620942464 33.00008340237194)))
21,250000_A,NJ52-09,MULTIPOLYGON (((129.99999928030263 37.00001667089272  129.99999928823297 37.25001616164871  130.00000004414403 37.499999954900275  129.99999931468426 37.750015141887495  130.00000003629012 37.99999999059824  130.2500000482369 37.99999998748366  130.50000004609024 37.999999988787984  130.75000004517744 37.999999991983124  131.00000004431672 37.99999999304889  131.25000004215082 37.99999998680395  131.50000004445855 37.999999993726874  131.7500000475311 37.9999999908957  132.00000005193277 37.99999998716447  132.0000000419247 37.750000063951866  132.00000004770735 37.50000005959809  132.00000004496044 37.25000005275094  132.00000004180617 37.00000003877389  131.75000003664616 37.00000019518557  131.50000004622981 36.99999992093146  131.25000001009147 37.000001116992394  130.99999997236017 37.00000215539315  130.7499999042359 37.000003878287906  130.5000000497891 36.99999993771393  130.2499995831871 37.0000106708398  129.99999928030263 37.00001667089272)))
22,250000_A,NJ52-08,MULTIPOLYGON (((127.99999926465996 37.00001667432649  127.99999927259032 37.25001616508248  128.00000002850138 37.499999958334044  127.99999929904159 37.750015145321264  128.00000002064746 37.99999999403201  128.25000003259424 37.99999999091743  128.50000003044758 37.99999999222175  128.75000002953476 37.99999999541689  129.0000000286741 37.99999999648266  129.25000002650813 37.99999999023772  129.5000000288159 37.99999999716064  129.75000003188845 37.99999999432947  130.00000003629012 37.99999999059824  130.00000002628207 37.750000067385635  130.0000000320647 37.500000063031855  130.0000000293178 37.25000005618471  130.00000002616355 37.00000004220766  129.75000002100353 37.00000019861934  129.50000003058716 36.99999992436523  129.24999999444879 37.00000112042616  128.99999995671755 37.000002158826916  128.74999988859327 37.000003881721675  128.50000003414644 36.9999999411477  128.24999956754445 37.00001067427357  127.99999926465996 37.00001667432649)))
27,50000_A,NI52-10-02,MULTIPOLYGON (((126.2499996900309 33.00005412533753  126.49999773256071 33.00005412533753  126.49999773256071 32.75005615162016  126.2499996900309 32.75005615162016  126.2499996900309 33.00005412533753)))
28,50000_A,NI52-10-01,MULTIPOLYGON (((125.99999968487091 33.00005428174922  126.2499977274007 33.00005428174922  126.2499977274007 32.75005630803184  125.99999968487091 32.75005630803184  125.99999968487091 33.00005428174922)))
25,50000_A,NJ53-07-25,MULTIPOLYGON (((132.0000043343411 37.24994886047221  132.25000237687098 37.24994886047221  132.25000237687098 36.999950886754824  132.0000043343411 36.999950886754824  132.0000043343411 37.24994886047221)))
26,50000_A,NJ53-07-17,MULTIPOLYGON (((132.0000043343411 37.49994683418959  132.25000237687098 37.49994683418959  132.25000237687098 37.24994886047221  132.0000043343411 37.24994886047221  132.0000043343411 37.49994683418959)))
29,50000_A,NI51-09-32,MULTIPOLYGON (((125.750001947803 33.25000615974597  125.9999999903328 33.25000615974597  125.9999999903328 33.00000818602859  125.750001947803 33.00000818602859  125.750001947803 33.25000615974597)))
30,50000_A,NI51-09-24,MULTIPOLYGON (((125.750001947803 33.50000413346335  125.9999999903328 33.50000413346335  125.9999999903328 33.25000615974597  125.750001947803 33.25000615974597  125.750001947803 33.50000413346335)))
93,50000_A,NI52-04-15,MULTIPOLYGON (((127.4999938398962 34.75005174524607  127.74999188242599 34.75005174524607  127.74999188242599 34.5000537715287  127.4999938398962 34.5000537715287  127.4999938398962 34.75005174524607)))
17,250000_A,NI51-03,MULTIPOLYGON (((123.99999772139964 35.000050041782984  123.99999772932999 35.25004953253897  123.99999848524105 35.50003332579054  123.99999775578127 35.75004851277776  123.99999847738714 36.000033361488505  124.24999848933392 36.000033358373926  124.49999848718726 36.00003335967825  124.74999848627445 36.00003336287339  124.99999848541376 36.00003336393915  125.24999848324782 36.000033357694214  125.49999848555557 36.00003336461714  125.74999848862812 36.00003336178597  125.99999849302979 36.000033358054736  125.99999848302173 35.75003343484213  125.99999848880437 35.50003343048835  125.99999848605746 35.250033423641206  125.99999848290321 35.000033409664155  125.74999847774319 35.000033566075835  125.49999848732683 35.00003329182172  125.24999845118847 35.00003448788266  124.9999984134572 35.00003552628341  124.74999834533293 35.00003724917817  124.49999849088611 35.000033308604195  124.24999802428412 35.000044041730064  123.99999772139964 35.000050041782984)))
38,50000_A,NI52-07-29,MULTIPOLYGON (((126.9999976000215 33.250051794954  127.24999564255128 33.250051794954  127.24999564255128 33.00005382123662  126.9999976000215 33.00005382123662  126.9999976000215 33.250051794954)))
33,50000_A,NI51-09-07,MULTIPOLYGON (((125.50000193478908 34.000004325573  125.7499999773189 34.000004325573  125.7499999773189 33.750006351855625  125.50000193478908 33.750006351855625  125.50000193478908 34.000004325573)))
34,50000_A,NI51-09-06,MULTIPOLYGON (((125.25000389225929 34.000004325573  125.50000193478908 34.000004325573  125.50000193478908 33.750006351855625  125.25000389225929 33.750006351855625  125.25000389225929 34.000004325573)))
35,50000_A,NI51-09-05,MULTIPOLYGON (((124.9999996746039 34.000050089598105  125.2499977171337 34.000050089598105  125.2499977171337 33.750052115880735  124.9999996746039 33.750052115880735  124.9999996746039 34.000050089598105)))
39,50000_A,NI52-07-28,MULTIPOLYGON (((126.74999759486151 33.250051951365684  126.9999956373913 33.250051951365684  126.9999956373913 33.0000539776483  126.74999759486151 33.0000539776483  126.74999759486151 33.250051951365684)))
40,50000_A,NI52-07-27,MULTIPOLYGON (((126.499994280611 33.25007712798066  126.7499923231409 33.25007712798066  126.7499923231409 33.00007915426328  126.499994280611 33.00007915426328  126.499994280611 33.25007712798066)))
41,50000_A,NI52-07-26,MULTIPOLYGON (((126.2499962302273 33.25008121624387  126.49999427275709 33.25008121624387  126.49999427275709 33.0000832425265  126.2499962302273 33.0000832425265  126.2499962302273 33.25008121624387)))
43,50000_A,NI52-07-21,MULTIPOLYGON (((126.9999976000215 33.50004976867138  127.24999564255128 33.50004976867138  127.24999564255128 33.250051794954  126.9999976000215 33.250051794954  126.9999976000215 33.50004976867138)))
44,50000_A,NI52-07-20,MULTIPOLYGON (((126.74999759486151 33.50004992508305  126.9999956373913 33.50004992508305  126.9999956373913 33.250051951365684  126.74999759486151 33.250051951365684  126.74999759486151 33.50004992508305)))
45,50000_A,NI52-07-19,MULTIPOLYGON (((126.499994280611 33.500075101698044  126.7499923231409 33.500075101698044  126.7499923231409 33.25007712798066  126.499994280611 33.25007712798066  126.499994280611 33.500075101698044)))
31,50000_A,NI51-09-16,MULTIPOLYGON (((125.75000193994909 33.75000619544394  125.99999998247891 33.75000619544394  125.99999998247891 33.50000822172656  125.75000193994909 33.50000822172656  125.75000193994909 33.75000619544394)))
32,50000_A,NI51-09-08,MULTIPOLYGON (((125.75000193994909 34.00000416916132  125.99999998247891 34.00000416916132  125.99999998247891 33.75000619544394  125.75000193994909 33.75000619544394  125.75000193994909 34.00000416916132)))
46,50000_A,NI52-07-18,MULTIPOLYGON (((126.2499962302273 33.500079189961255  126.49999427275709 33.500079189961255  126.49999427275709 33.25008121624387  126.2499962302273 33.25008121624387  126.2499962302273 33.500079189961255)))
47,50000_A,NI52-07-17,MULTIPOLYGON (((125.99999622506729 33.50007934637293  126.2499942675971 33.50007934637293  126.2499942675971 33.25008137265555  125.99999622506729 33.25008137265555  125.99999622506729 33.50007934637293)))
49,50000_A,NI52-07-11,MULTIPOLYGON (((126.49999427275709 33.750077163678625  126.7499923152869 33.750077163678625  126.7499923152869 33.500079189961255  126.49999427275709 33.500079189961255  126.49999427275709 33.750077163678625)))
50,50000_A,NI52-07-10,MULTIPOLYGON (((126.2499962302273 33.750077163678625  126.49999427275709 33.750077163678625  126.49999427275709 33.500079189961255  126.2499962302273 33.500079189961255  126.2499962302273 33.750077163678625)))
48,50000_A,NI52-07-12,MULTIPOLYGON (((126.74999759486151 33.75004789880043  126.9999956373913 33.75004789880043  126.9999956373913 33.50004992508305  126.74999759486151 33.50004992508305  126.74999759486151 33.75004789880043)))
51,50000_A,NI52-07-09,MULTIPOLYGON (((125.99999622506729 33.750077320090305  126.2499942675971 33.750077320090305  126.2499942675971 33.50007934637293  125.99999622506729 33.50007934637293  125.99999622506729 33.750077320090305)))
52,50000_A,NI52-07-08,MULTIPOLYGON (((127.7499957793852 34.00004191516136  127.999993821915 34.00004191516136  127.999993821915 33.750043941443984  127.7499957793852 33.750043941443984  127.7499957793852 34.00004191516136)))
53,50000_A,NI52-07-07,MULTIPOLYGON (((127.4999977368554 34.00004191516136  127.7499957793852 34.00004191516136  127.7499957793852 33.750043941443984  127.4999977368554 33.750043941443984  127.4999977368554 34.00004191516136)))
54,50000_A,NI52-07-06,MULTIPOLYGON (((127.24999564255128 34.00004571610613  127.4999936850811 34.00004571610613  127.4999936850811 33.75004774238875  127.24999564255128 33.75004774238875  127.24999564255128 34.00004571610613)))
55,50000_A,NI52-07-05,MULTIPOLYGON (((126.9999956373913 34.00004587251781  127.24999367992109 34.00004587251781  127.24999367992109 33.75004789880043  126.9999956373913 33.75004789880043  126.9999956373913 34.00004587251781)))
56,50000_A,NI52-07-04,MULTIPOLYGON (((126.74999759486151 34.00004587251781  126.9999956373913 34.00004587251781  126.9999956373913 33.75004789880043  126.74999759486151 33.75004789880043  126.74999759486151 34.00004587251781)))
57,50000_A,NI52-07-03,MULTIPOLYGON (((126.49999427275709 34.00007513739601  126.7499923152869 34.00007513739601  126.7499923152869 33.750077163678625  126.49999427275709 33.750077163678625  126.49999427275709 34.00007513739601)))
58,50000_A,NI52-07-02,MULTIPOLYGON (((126.2499942675971 34.00007529380769  126.49999231012691 34.00007529380769  126.49999231012691 33.750077320090305  126.2499942675971 33.750077320090305  126.2499942675971 34.00007529380769)))
59,50000_A,NI52-07-01,MULTIPOLYGON (((125.99999622506729 34.00007529380769  126.2499942675971 34.00007529380769  126.2499942675971 33.750077320090305  125.99999622506729 33.750077320090305  125.99999622506729 34.00007529380769)))
76,50000_A,NI52-04-32,MULTIPOLYGON (((127.7499918902799 34.25005170954811  127.9999899328097 34.25005170954811  127.9999899328097 34.00005373583073  127.7499918902799 34.00005373583073  127.7499918902799 34.25005170954811)))
83,50000_A,NI52-04-25,MULTIPOLYGON (((125.9999962093594 34.25008144405148  126.2499942518893 34.25008144405148  126.2499942518893 34.00008347033411  125.9999962093594 34.00008347033411  125.9999962093594 34.25008144405148)))
148,50000_A,NI52-01-04,MULTIPOLYGON (((126.74999683881269 35.999987280845744  126.9999948813425 35.999987280845744  126.9999948813425 35.74998930712836  126.74999683881269 35.74998930712836  126.74999683881269 35.999987280845744)))
149,50000_A,NI52-01-03,MULTIPOLYGON (((126.4999987962829 35.999987280845744  126.74999683881269 35.999987280845744  126.74999683881269 35.74998930712836  126.4999987962829 35.74998930712836  126.4999987962829 35.999987280845744)))
160,50000_A,NJ51-12-32,MULTIPOLYGON (((125.7500019602023 36.250002039659854  126.00000000273208 36.250002039659854  126.00000000273208 36.00000406594248  125.7500019602023 36.00000406594248  125.7500019602023 36.250002039659854)))
161,50000_A,NJ51-12-31,MULTIPOLYGON (((125.5000039098185 36.25000612792307  125.7500019523484 36.25000612792307  125.7500019523484 36.00000815420569  125.5000039098185 36.00000815420569  125.5000039098185 36.25000612792307)))
70,50000_A,NI52-05-05,MULTIPOLYGON (((128.9999971548824 35.0000125601045  129.2499951974122 35.0000125601045  129.2499951974122 34.75001458638713  128.9999971548824 34.75001458638713  128.9999971548824 35.0000125601045)))
171,50000_A,NJ52-10-27,MULTIPOLYGON (((126.5000027158452 36.249985411335324  126.750000758375 36.249985411335324  126.750000758375 35.99998743761794  126.5000027158452 35.99998743761794  126.5000027158452 36.249985411335324)))
172,50000_A,NJ52-10-26,MULTIPOLYGON (((126.2500046654614 36.249989499598534  126.5000027079912 36.249989499598534  126.5000027079912 35.99999152588115  126.2500046654614 35.99999152588115  126.2500046654614 36.249989499598534)))
173,50000_A,NJ52-10-25,MULTIPOLYGON (((126.0000046603014 36.249989656010214  126.25000270283121 36.249989656010214  126.25000270283121 35.99999168229283  126.0000046603014 35.99999168229283  126.0000046603014 36.249989656010214)))
75,50000_A,NI52-04-13,MULTIPOLYGON (((126.99999383242191 34.75005175180848  127.2499918749518 34.75005175180848  127.2499918749518 34.5000537780911  126.99999383242191 34.5000537780911  126.99999383242191 34.75005175180848)))
77,50000_A,NI52-04-31,MULTIPOLYGON (((127.4999938398962 34.25005579781132  127.74999188242599 34.25005579781132  127.74999188242599 34.00005782409394  127.4999938398962 34.00005782409394  127.4999938398962 34.25005579781132)))
96,50000_A,NI52-04-11,MULTIPOLYGON (((126.4999942570493 34.750077235074556  126.74999229957909 34.750077235074556  126.74999229957909 34.50007926135718  126.4999942570493 34.50007926135718  126.4999942570493 34.750077235074556)))
91,50000_A,NI52-04-17,MULTIPOLYGON (((125.9999962093594 34.50007941776886  126.2499942518893 34.50007941776886  126.2499942518893 34.25008144405148  125.9999962093594 34.25008144405148  125.9999962093594 34.50007941776886)))
127,50000_A,NI52-02-29,MULTIPOLYGON (((128.9999965559826 35.250043358757964  129.24999459851242 35.250043358757964  129.24999459851242 35.000045385040586  128.9999965559826 35.000045385040586  128.9999965559826 35.250043358757964)))
94,50000_A,NI52-04-14,MULTIPOLYGON (((127.2499918749518 34.75005175180848  127.4999899174816 34.75005175180848  127.4999899174816 34.5000537780911  127.2499918749518 34.5000537780911  127.2499918749518 34.75005175180848)))
95,50000_A,NI52-04-12,MULTIPOLYGON (((126.7499938272619 34.750051908220165  126.9999918697918 34.750051908220165  126.9999918697918 34.50005393450278  126.7499938272619 34.50005393450278  126.7499938272619 34.750051908220165)))
135,50000_A,NI52-02-15,MULTIPOLYGON (((129.5000039309773 35.7500021200997  129.7500019735071 35.7500021200997  129.7500019735071 35.500004146382324  129.5000039309773 35.500004146382324  129.5000039309773 35.7500021200997)))
125,50000_A,NI52-02-31,MULTIPOLYGON (((129.5000039309773 35.25000617266495  129.7500019735071 35.25000617266495  129.7500019735071 35.00000819894757  129.5000039309773 35.00000819894757  129.5000039309773 35.25000617266495)))
126,50000_A,NI52-02-30,MULTIPOLYGON (((129.2500039258173 35.25000632907663  129.50000196834708 35.25000632907663  129.50000196834708 35.00000835535925  129.2500039258173 35.00000835535925  129.2500039258173 35.25000632907663)))
132,50000_A,NI52-02-23,MULTIPOLYGON (((129.5000039309773 35.500004146382324  129.7500019735071 35.500004146382324  129.7500019735071 35.25000617266495  129.5000039309773 35.25000617266495  129.5000039309773 35.500004146382324)))
133,50000_A,NI52-02-22,MULTIPOLYGON (((129.2500039258173 35.500004302794  129.50000196834708 35.500004302794  129.50000196834708 35.25000632907663  129.2500039258173 35.25000632907663  129.2500039258173 35.500004302794)))
97,50000_A,NI52-04-10,MULTIPOLYGON (((126.2499962145195 34.750077235074556  126.4999942570493 34.750077235074556  126.4999942570493 34.50007926135718  126.2499962145195 34.50007926135718  126.2499962145195 34.750077235074556)))
98,50000_A,NI52-04-09,MULTIPOLYGON (((125.9999962093594 34.750077391486236  126.2499942518893 34.750077391486236  126.2499942518893 34.50007941776886  125.9999962093594 34.50007941776886  125.9999962093594 34.750077391486236)))
137,50000_A,NI52-02-08,MULTIPOLYGON (((129.7500019735071 36.00000009381708  130.00000001603692 36.00000009381708  130.00000001603692 35.7500021200997  129.7500019735071 35.7500021200997  129.7500019735071 36.00000009381708)))
138,50000_A,NI52-02-07,MULTIPOLYGON (((129.50000196834708 36.00000025022876  129.7500000108769 36.00000025022876  129.7500000108769 35.75000227651138  129.50000196834708 35.75000227651138  129.50000196834708 36.00000025022876)))
139,50000_A,NI52-02-06,MULTIPOLYGON (((129.2500039258173 36.00000025022876  129.50000196834708 36.00000025022876  129.50000196834708 35.75000227651138  129.2500039258173 35.75000227651138  129.2500039258173 36.00000025022876)))
162,50000_A,NJ51-12-24,MULTIPOLYGON (((125.7500019602023 36.500000013377225  126.00000000273208 36.500000013377225  126.00000000273208 36.250002039659854  125.7500019602023 36.250002039659854  125.7500019602023 36.500000013377225)))
163,50000_A,NJ51-12-23,MULTIPOLYGON (((125.5000039098185 36.50000410164044  125.7500019523484 36.50000410164044  125.7500019523484 36.25000612792307  125.5000039098185 36.25000612792307  125.5000039098185 36.50000410164044)))
164,50000_A,NJ51-12-22,MULTIPOLYGON (((125.25000390465851 36.500004258052115  125.5000019471883 36.500004258052115  125.5000019471883 36.25000628433475  125.25000390465851 36.25000628433475  125.25000390465851 36.500004258052115)))
165,50000_A,NJ51-12-16,MULTIPOLYGON (((125.7500019523484 36.75000207535782  125.9999999948782 36.75000207535782  125.9999999948782 36.50000410164044  125.7500019523484 36.50000410164044  125.7500019523484 36.75000207535782)))
174,50000_A,NJ52-10-19,MULTIPOLYGON (((126.5000027158452 36.49998338505271  126.750000758375 36.49998338505271  126.750000758375 36.249985411335324  126.5000027158452 36.249985411335324  126.5000027158452 36.49998338505271)))
175,50000_A,NJ52-10-18,MULTIPOLYGON (((126.2500046654614 36.4999874733159  126.5000027079912 36.4999874733159  126.5000027079912 36.249989499598534  126.2500046654614 36.249989499598534  126.2500046654614 36.4999874733159)))
176,50000_A,NJ52-10-17,MULTIPOLYGON (((126.0000046603014 36.49998762972759  126.25000270283121 36.49998762972759  126.25000270283121 36.249989656010214  126.0000046603014 36.249989656010214  126.0000046603014 36.49998762972759)))
177,50000_A,NJ52-10-10,MULTIPOLYGON (((126.2500046654614 36.74998544703328  126.5000027079912 36.74998544703328  126.5000027079912 36.4999874733159  126.2500046654614 36.4999874733159  126.2500046654614 36.74998544703328)))
178,50000_A,NJ52-10-09,MULTIPOLYGON (((126.0000046603014 36.74998560344497  126.25000270283121 36.74998560344497  126.25000270283121 36.49998762972759  126.0000046603014 36.49998762972759  126.0000046603014 36.74998560344497)))
166,50000_A,NJ51-12-15,MULTIPOLYGON (((125.5000039098185 36.75000207535782  125.7500019523484 36.75000207535782  125.7500019523484 36.50000410164044  125.5000039098185 36.50000410164044  125.5000039098185 36.75000207535782)))
168,50000_A,NJ51-12-08,MULTIPOLYGON (((125.7500019523484 37.000000049075204  125.9999999948782 37.000000049075204  125.9999999948782 36.75000207535782  125.7500019523484 36.75000207535782  125.7500019523484 37.000000049075204)))
169,50000_A,NJ51-12-07,MULTIPOLYGON (((125.5000019471883 37.000000205486884  125.7499999897182 37.000000205486884  125.7499999897182 36.7500022317695  125.5000019471883 36.7500022317695  125.5000019471883 37.000000205486884)))
140,50000_A,NI52-01-32,MULTIPOLYGON (((127.7499817912798 35.25009738578937  127.99997983380959 35.25009738578937  127.99997983380959 35.00009941207199  127.7499817912798 35.00009941207199  127.7499817912798 35.25009738578937)))
136,50000_A,NI52-02-14,MULTIPOLYGON (((129.2500039258173 35.75000227651138  129.50000196834708 35.75000227651138  129.50000196834708 35.500004302794  129.2500039258173 35.500004302794  129.2500039258173 35.75000227651138)))
141,50000_A,NI52-01-26,MULTIPOLYGON (((126.24999922607019 35.25001868654801  126.49999726860001 35.25001868654801  126.49999726860001 35.00002071283063  126.24999922607019 35.00002071283063  126.24999922607019 35.25001868654801)))
142,50000_A,NI52-01-25,MULTIPOLYGON (((125.99999922091021 35.25001884295968  126.24999726344 35.25001884295968  126.24999726344 35.00002086924231  125.99999922091021 35.00002086924231  125.99999922091021 35.25001884295968)))
145,50000_A,NI52-01-11,MULTIPOLYGON (((126.49999726860001 35.75001463398276  126.74999531112991 35.75001463398276  126.74999531112991 35.50001666026538  126.49999726860001 35.50001666026538  126.49999726860001 35.75001463398276)))
150,50000_A,NI52-01-02,MULTIPOLYGON (((126.250000753753 35.999987280845744  126.4999987962829 35.999987280845744  126.4999987962829 35.74998930712836  126.250000753753 35.74998930712836  126.250000753753 35.999987280845744)))
151,50000_A,NI52-01-01,MULTIPOLYGON (((126.00000074859301 35.999987437257424  126.24999879112279 35.999987437257424  126.24999879112279 35.74998946354004  126.00000074859301 35.74998946354004  126.00000074859301 35.999987437257424)))
159,50000_A,NI51-03-08,MULTIPOLYGON (((125.7500027060632 35.999987437257424  126.00000074859301 35.999987437257424  126.00000074859301 35.74998946354004  125.7500027060632 35.74998946354004  125.7500027060632 35.999987437257424)))
143,50000_A,NI52-01-18,MULTIPOLYGON (((126.24999922607019 35.50001666026538  126.49999726860001 35.50001666026538  126.49999726860001 35.25001868654801  126.24999922607019 35.25001868654801  126.24999922607019 35.50001666026538)))
183,50000_A,NJ52-11-32,MULTIPOLYGON (((129.7500035011899 36.24997274068006  130.00000154371978 36.24997274068006  130.00000154371978 35.99997476696268  129.7500035011899 35.99997476696268  129.7500035011899 36.24997274068006)))
184,50000_A,NJ52-11-31,MULTIPOLYGON (((129.50000545080619 36.249976828943275  129.75000349333598 36.249976828943275  129.75000349333598 35.99997885522589  129.50000545080619 35.99997885522589  129.50000545080619 36.249976828943275)))
185,50000_A,NJ52-11-30,MULTIPOLYGON (((129.25000544564622 36.249976985354955  129.500003488176 36.249976985354955  129.500003488176 35.99997901163757  129.25000544564622 35.99997901163757  129.25000544564622 36.249976985354955)))
186,50000_A,NJ52-11-23,MULTIPOLYGON (((129.50000545080619 36.499974802660645  129.75000349333598 36.499974802660645  129.75000349333598 36.249976828943275  129.50000545080619 36.249976828943275  129.50000545080619 36.499974802660645)))
187,50000_A,NJ52-11-22,MULTIPOLYGON (((129.25000544564622 36.49997495907232  129.500003488176 36.49997495907232  129.500003488176 36.249976985354955  129.25000544564622 36.249976985354955  129.25000544564622 36.49997495907232)))
188,50000_A,NJ52-11-15,MULTIPOLYGON (((129.50000545080619 36.74997277637802  129.75000349333598 36.74997277637802  129.75000349333598 36.499974802660645  129.50000545080619 36.499974802660645  129.50000545080619 36.74997277637802)))
189,50000_A,NJ52-11-14,MULTIPOLYGON (((129.25000544564622 36.7499729327897  129.500003488176 36.7499729327897  129.500003488176 36.49997495907232  129.25000544564622 36.49997495907232  129.25000544564622 36.7499729327897)))
190,50000_A,NJ52-11-07,MULTIPOLYGON (((129.500003488176 36.99997090650708  129.7500015307058 36.99997090650708  129.7500015307058 36.7499729327897  129.500003488176 36.7499729327897  129.500003488176 36.99997090650708)))
191,50000_A,NJ52-11-06,MULTIPOLYGON (((129.25000544564622 36.99997090650708  129.500003488176 36.99997090650708  129.500003488176 36.7499729327897  129.25000544564622 36.7499729327897  129.25000544564622 36.99997090650708)))
192,50000_A,NJ52-09-13,MULTIPOLYGON (((131.0000055063818 37.74996660307374  131.2500035489116 37.74996660307374  131.2500035489116 37.49996862935636  131.0000055063818 37.49996862935636  131.0000055063818 37.74996660307374)))
193,50000_A,NJ52-09-32,MULTIPOLYGON (((131.75000628395742 37.24995294873543  132.0000043264872 37.24995294873543  132.0000043264872 36.99995497501805  131.75000628395742 36.99995497501805  131.75000628395742 37.24995294873543)))
194,50000_A,NJ52-09-31,MULTIPOLYGON (((131.5000062787974 37.2499531051471  131.7500043213272 37.2499531051471  131.7500043213272 36.99995513142972  131.5000062787974 36.99995513142972  131.5000062787974 37.2499531051471)))
195,50000_A,NJ52-09-24,MULTIPOLYGON (((131.75000628395742 37.4999509224528  132.0000043264872 37.4999509224528  132.0000043264872 37.24995294873543  131.75000628395742 37.24995294873543  131.75000628395742 37.4999509224528)))
196,50000_A,NJ52-09-23,MULTIPOLYGON (((131.5000062787974 37.49995107886448  131.7500043213272 37.49995107886448  131.7500043213272 37.2499531051471  131.5000062787974 37.2499531051471  131.5000062787974 37.49995107886448)))
197,50000_A,NJ52-09-21,MULTIPOLYGON (((131.0000055063818 37.49996862935636  131.2500035489116 37.49996862935636  131.2500035489116 37.249970655638975  131.0000055063818 37.249970655638975  131.0000055063818 37.49996862935636)))
198,50000_A,NJ52-09-20,MULTIPOLYGON (((130.7500055012217 37.49996878576804  131.0000035437516 37.49996878576804  131.0000035437516 37.249970812050655  130.7500055012217 37.249970812050655  130.7500055012217 37.49996878576804)))
199,50000_A,NJ52-09-19,MULTIPOLYGON (((130.5000027791898 37.49998224799671  130.7500008217197 37.49998224799671  130.7500008217197 37.24998427427934  130.5000027791898 37.24998427427934  130.5000027791898 37.49998224799671)))
200,50000_A,NJ52-09-12,MULTIPOLYGON (((130.7500055012217 37.749966759485424  131.0000035437516 37.749966759485424  131.0000035437516 37.49996878576804  130.7500055012217 37.49996878576804  130.7500055012217 37.749966759485424)))
201,50000_A,NJ52-09-11,MULTIPOLYGON (((130.50000277133591 37.7499843099773  130.7500008138657 37.7499843099773  130.7500008138657 37.49998633625992  130.50000277133591 37.49998633625992  130.50000277133591 37.7499843099773)))
202,50000_A,NJ52-08-13,MULTIPOLYGON (((129.0000093571343 37.74996891219121  129.2500073996641 37.74996891219121  129.2500073996641 37.49997093847382  129.0000093571343 37.49997093847382  129.0000093571343 37.74996891219121)))
203,50000_A,NJ52-08-31,MULTIPOLYGON (((129.5000046970914 37.24998944076105  129.7500027396212 37.24998944076105  129.7500027396212 36.99999146704367  129.5000046970914 36.99999146704367  129.5000046970914 37.24998944076105)))
204,50000_A,NJ52-08-30,MULTIPOLYGON (((129.2500046919313 37.24998959717273  129.50000273446122 37.24998959717273  129.50000273446122 36.99999162345535  129.2500046919313 36.99999162345535  129.2500046919313 37.24998959717273)))
205,50000_A,NJ52-08-23,MULTIPOLYGON (((129.5000046970914 37.49998741447843  129.7500027396212 37.49998741447843  129.7500027396212 37.24998944076105  129.5000046970914 37.24998944076105  129.5000046970914 37.49998741447843)))
206,50000_A,NJ52-08-22,MULTIPOLYGON (((129.2500046919313 37.499987570890106  129.50000273446122 37.499987570890106  129.50000273446122 37.24998959717273  129.2500046919313 37.24998959717273  129.2500046919313 37.499987570890106)))
207,50000_A,NJ52-08-21,MULTIPOLYGON (((129.00000739450408 37.4999710948855  129.2500054370339 37.4999710948855  129.2500054370339 37.24997312116812  129.00000739450408 37.24997312116812  129.00000739450408 37.4999710948855)))
208,50000_A,NJ52-08-14,MULTIPOLYGON (((129.2500046919313 37.749985544607476  129.50000273446122 37.749985544607476  129.50000273446122 37.499987570890106  129.2500046919313 37.499987570890106  129.2500046919313 37.749985544607476)))
209,50000_A,NJ52-08-12,MULTIPOLYGON (((128.75000935197428 37.749969068602866  129.00000739450408 37.749969068602866  129.00000739450408 37.4999710948855  128.75000935197428 37.4999710948855  128.75000935197428 37.749969068602866)))
210,50000_A,NJ52-08-05,MULTIPOLYGON (((129.00000739450408 37.99996704232025  129.2500054370339 37.99996704232025  129.2500054370339 37.749969068602866  129.00000739450408 37.749969068602866  129.00000739450408 37.99996704232025)))
211,50000_A,NJ52-08-04,MULTIPOLYGON (((128.75000935197428 37.99996704232025  129.00000739450408 37.99996704232025  129.00000739450408 37.749969068602866  128.75000935197428 37.749969068602866  128.75000935197428 37.99996704232025)))
181,50000_A,NJ52-10-02,MULTIPOLYGON (((126.2500061931443 36.999958093896254  126.5000042356741 36.999958093896254  126.5000042356741 36.74996012017889  126.2500061931443 36.74996012017889  126.2500061931443 36.999958093896254)))
182,50000_A,NJ52-10-01,MULTIPOLYGON (((126.0000061879842 36.999958250307934  126.2500042305141 36.999958250307934  126.2500042305141 36.74996027659056  126.0000061879842 36.74996027659056  126.0000061879842 36.999958250307934)))
215,50000_A,NJ52-07-25,MULTIPOLYGON (((126.00000618013028 37.24996031228853  126.25000422266011 37.24996031228853  126.25000422266011 36.999962338571144  126.00000618013028 36.999962338571144  126.00000618013028 37.24996031228853)))
218,50000_A,NJ52-07-17,MULTIPOLYGON (((126.00000618013028 37.499958286005906  126.25000422266011 37.499958286005906  126.25000422266011 37.24996031228853  126.00000618013028 37.24996031228853  126.00000618013028 37.499958286005906)))
221,50000_A,NJ52-07-09,MULTIPOLYGON (((126.00000618013028 37.74995625972329  126.25000422266011 37.74995625972329  126.25000422266011 37.499958286005906  126.00000618013028 37.499958286005906  126.00000618013028 37.74995625972329)))
222,50000_A,NJ51-09-32,MULTIPOLYGON (((125.7500027161898 37.24998535936538  126.0000007587196 37.24998535936538  126.0000007587196 36.999987385648  125.7500027161898 36.999987385648  125.7500027161898 37.24998535936538)))
224,50000_A,NJ51-09-24,MULTIPOLYGON (((125.7500027161898 37.49998333308275  126.0000007587196 37.49998333308275  126.0000007587196 37.24998535936538  125.7500027161898 37.24998535936538  125.7500027161898 37.49998333308275)))
234,50000_A,NJ52-10-28,MULTIPOLYGON (((126.74999684666669 36.24998116629992  126.99999488919649 36.24998116629992  126.99999488919649 35.99998319258253  126.74999684666669 35.99998319258253  126.74999684666669 36.24998116629992)))
18,250000_A,NJ51-12,MULTIPOLYGON (((123.99999847738714 36.000033361488505  123.99999848531749 36.250032852244495  123.99999924122855 36.50001664549606  123.99999851176877 36.75003183248328  123.99999923337464 37.000016681194026  124.24999924532142 37.00001667807945  124.49999924317476 37.00001667938377  124.74999924226195 37.00001668257891  124.99999924140126 37.000016683644674  125.24999923923532 37.000016677399735  125.49999924154307 37.00001668432266  125.74999924461562 37.00001668149149  125.99999924901729 37.00001667776026  125.99999923900923 36.75001675454765  125.99999924479187 36.50001675019387  125.99999924204496 36.25001674334673  125.99999923889071 36.000016729369676  125.74999923373069 36.000016885781356  125.49999924331433 36.00001661152724  125.24999920717597 36.00001780758818  124.9999991694447 36.00001884598893  124.74999910132043 36.00002056888369  124.49999924687361 36.000016628309716  124.24999878027162 36.000027361435585  123.99999847738714 36.000033361488505)))
231,50000_A,NJ52-07-12,MULTIPOLYGON (((126.75000227820391 37.7499520150484  127.0000003207337 37.7499520150484  127.0000003207337 37.49995404133102  126.75000227820391 37.49995404133102  126.75000227820391 37.7499520150484)))
233,50000_A,NJ52-07-04,MULTIPOLYGON (((126.75000227820391 37.999949988765785  127.0000003207337 37.999949988765785  127.0000003207337 37.74995201504841  126.75000227820391 37.74995201504841  126.75000227820391 37.999949988765785)))
235,50000_A,NI52-01-12,MULTIPOLYGON (((126.7499968388127 35.74998930712836  126.9999948813425 35.74998930712836  126.9999948813425 35.499991333410975  126.7499968388127 35.499991333410975  126.7499968388127 35.74998930712836)))
243,50000_A,NI52-05-06,MULTIPOLYGON (((129.2499951974122 35.0000125601045  129.499993239942 35.0000125601045  129.499993239942 34.75001458638713  129.2499951974122 34.75001458638713  129.2499951974122 35.0000125601045)))
244,50000_A,NI52-05-13,MULTIPOLYGON (((128.9999971548824 34.75001458638712  129.2499951974122 34.75001458638712  129.2499951974122 34.50001661266975  128.9999971548824 34.50001661266975  128.9999971548824 34.75001458638712)))
236,50000_A,NI52-02-16,MULTIPOLYGON (((129.7500019735071 35.7500021200997  130.0000000160369 35.7500021200997  130.0000000160369 35.500004146382324  129.7500019735071 35.500004146382324  129.7500019735071 35.7500021200997)))
237,50000_A,NI52-02-24,MULTIPOLYGON (((129.7500019735071 35.50000414638233  130.0000000160369 35.50000414638233  130.0000000160369 35.25000617266495  129.7500019735071 35.25000617266495  129.7500019735071 35.50000414638233)))
238,50000_A,NI52-02-32,MULTIPOLYGON (((129.7500019735071 35.250006172664946  130.0000000160369 35.250006172664946  130.0000000160369 35.00000819894757  129.7500019735071 35.00000819894757  129.7500019735071 35.250006172664946)))
239,50000_A,NI52-03-25,MULTIPOLYGON (((129.99999926004944 35.25001474782894  130.2499973025792 35.25001474782894  130.2499973025792 35.00001677411156  129.99999926004944 35.00001677411156  129.99999926004944 35.25001474782894)))
240,50000_A,NI52-03-26,MULTIPOLYGON (((130.2500027429936 35.249989439486164  130.5000007855234 35.249989439486164  130.5000007855234 34.999991465768794  130.2500027429936 34.999991465768794  130.2500027429936 35.249989439486164)))
241,50000_A,NI52-03-18,MULTIPOLYGON (((130.24999926998552 35.50001204191357  130.49999731251532 35.50001204191357  130.49999731251532 35.250014068196194  130.24999926998552 35.250014068196194  130.24999926998552 35.50001204191357)))
242,50000_A,NI52-03-17,MULTIPOLYGON (((129.99999926482545 35.50001219832525  130.24999730735533 35.50001219832525  130.24999730735533 35.25001422460788  129.99999926482545 35.25001422460788  129.99999926482545 35.50001219832525)))
226,50000_A,NJ51-09-16,MULTIPOLYGON (((125.75000270833591 37.74998539506334  126.00000075086571 37.74998539506334  126.00000075086571 37.49998742134597  125.75000270833591 37.49998742134597  125.75000270833591 37.74998539506334)))
227,50000_A,NJ51-09-15,MULTIPOLYGON (((125.500004665806 37.74998539506334  125.75000270833591 37.74998539506334  125.75000270833591 37.49998742134597  125.500004665806 37.49998742134597  125.500004665806 37.74998539506334)))
228,50000_A,NJ52-07-01,MULTIPOLYGON (((126.00000618013028 37.99995423344067  126.25000422266008 37.99995423344067  126.25000422266008 37.74995625972329  126.00000618013028 37.74995625972329  126.00000618013028 37.99995423344067)))
9,250000_A,NI52-04,MULTIPOLYGON (((125.99999772691571 34.000050089958634  125.99999773484606 34.250049580714624  125.99999849075712 34.50003337396619  125.99999776129734 34.75004856095341  125.99999848290321 35.000033409664155  126.24999849484999 35.000033406549576  126.49999849270333 35.0000334078539  126.74999849179052 35.00003341104904  126.99999849092983 35.0000334121148  127.2499984887639 35.000033405869864  127.49999849107164 35.00003341279279  127.7499984941442 35.00003340996162  127.99999849854586 35.000033406230386  127.9999984885378 34.75003348301778  127.99999849432044 34.500033478664  127.99999849157354 34.250033471816856  127.99999848841928 34.000033457839805  127.74999848325926 34.000033614251485  127.4999984928429 34.00003333999737  127.24999845670455 34.00003453605831  126.99999841897328 34.00003557445906  126.749998350849 34.00003729735382  126.49999849640218 34.000033356779845  126.2499980298002 34.000044089905714  125.99999772691571 34.000050089958634)))
61,50000_A,NI52-05-25,MULTIPOLYGON (((127.99999848841921 34.25003143155719  128.2499965309491 34.25003143155719  128.2499965309491 34.000033457839805  127.99999848841921 34.000033457839805  127.99999848841921 34.25003143155719)))
6,250000_A,NI52-08,MULTIPOLYGON (((127.99999698657086 33.000066766819344  127.99999699450122 33.250066257575334  127.99999775041228 33.5000500508269  127.99999702095249 33.75006523781412  127.99999774255836 34.000050086524865  128.24999775450516 34.00005008341029  128.49999775235847 34.00005008471461  128.74999775144568 34.00005008790975  128.99999775058498 34.00005008897551  129.24999774841905 34.000050082730574  129.49999775072678 34.0000500896535  129.74999775379933 34.00005008682233  129.999997758201 34.0000500830911  129.99999774819295 33.75005015987849  129.9999977539756 33.50005015552471  129.9999977512287 33.250050148677566  129.99999774807443 33.000050134700516  129.74999774291442 33.000050291112196  129.49999775249807 33.00005001685808  129.2499977163597 33.00005121291902  128.99999767862843 33.00005225131977  128.74999761050415 33.00005397421453  128.49999775605733 33.000050033640555  128.24999728945534 33.000060766766424  127.99999698657086 33.000066766819344)))
179,50000_A,NJ52-10-04,MULTIPOLYGON (((126.75000227820391 36.999958093896254  127.0000003207337 36.999958093896254  127.0000003207337 36.74996012017889  126.75000227820391 36.74996012017889  126.75000227820391 36.999958093896254)))
180,50000_A,NJ52-10-03,MULTIPOLYGON (((126.5000042356741 36.999958093896254  126.75000227820391 36.999958093896254  126.75000227820391 36.74996012017889  126.5000042356741 36.74996012017889  126.5000042356741 36.999958093896254)))
212,50000_A,NJ52-07-28,MULTIPOLYGON (((126.75000227820391 37.24995606761364  127.0000003207337 37.24995606761364  127.0000003207337 36.999958093896254  126.75000227820391 36.999958093896254  126.75000227820391 37.24995606761364)))
23,250000_A,NJ52-07,MULTIPOLYGON (((125.99999924901729 37.00001667776026  125.99999925694765 37.25001616851625  126.0000000128587 37.49999996176781  125.99999928339892 37.75001514875503  126.0000000050048 37.99999999746578  126.25000001695157 37.9999999943512  126.50000001480491 37.99999999565552  126.7500000138921 37.99999999885066  127.00000001303141 37.999999999916426  127.25000001086548 37.99999999367149  127.50000001317322 38.00000000059441  127.75000001624578 37.99999999776324  128.00000002064746 37.99999999403201  128.00000001063938 37.750000070819404  128.000000016422 37.500000066465624  128.0000000136751 37.25000005961848  128.00000001052086 37.00000004564143  127.75000000536085 37.00000020205311  127.50000001494449 36.999999927798996  127.24999997880613 37.00000112385993  126.99999994107486 37.000002162260685  126.74999987295058 37.000003885155444  126.50000001850377 36.99999994458147  126.24999955190178 37.00001067770734  125.99999924901729 37.00001667776026)))
167,50000_A,NJ51-12-14,MULTIPOLYGON (((125.25000390465851 36.7500022317695  125.5000019471883 36.7500022317695  125.5000019471883 36.500004258052115  125.25000390465851 36.500004258052115  125.25000390465851 36.7500022317695)))
20,250000_A,NJ52-10,MULTIPOLYGON (((125.99999923889071 36.000016729369676  125.99999924682106 36.250016220125666  126.00000000273212 36.50000001337723  125.99999927327234 36.75001520036445  125.99999999487821 37.0000000490752  126.25000000682499 37.00000004596062  126.50000000467833 37.00000004726494  126.75000000376552 37.00000005046008  127.00000000290483 37.000000051525845  127.2500000007389 37.000000045280906  127.50000000304664 37.00000005220383  127.7500000061192 37.00000004937266  128.00000001052086 37.00000004564143  128.00000000051278 36.75000012242882  128.00000000629544 36.50000011807504  128.00000000354854 36.2500001112279  128.00000000039427 36.00000009725085  127.74999999523426 36.00000025366253  127.5000000048179 35.999999979408415  127.24999996867955 36.00000117546935  126.99999993094828 36.000002213870104  126.749999862824 36.00000393676486  126.50000000837719 35.99999999619089  126.2499995417752 36.000010729316756  125.99999923889071 36.000016729369676)))
60,50000_A,NI52-05-26,MULTIPOLYGON (((128.24999849357928 34.2500312751455  128.49999653610908 34.2500312751455  128.49999653610908 34.000033301428125  128.24999849357928 34.000033301428125  128.24999849357928 34.2500312751455)))
63,50000_A,NI52-05-19,MULTIPOLYGON (((128.499996543963 34.50002516059967  128.74999458649282 34.50002516059967  128.74999458649282 34.25002718688229  128.499996543963 34.25002718688229  128.499996543963 34.50002516059967)))
64,50000_A,NI52-05-18,MULTIPOLYGON (((128.24999849357928 34.50002924886288  128.49999653610908 34.50002924886288  128.49999653610908 34.2500312751455  128.24999849357928 34.2500312751455  128.24999849357928 34.50002924886288)))
62,50000_A,NI52-05-20,MULTIPOLYGON (((128.7499991123525 34.50001661266975  128.9999971548824 34.50001661266975  128.9999971548824 34.25001863895237  128.7499991123525 34.25001863895237  128.7499991123525 34.50001661266975)))
170,50000_A,NJ51-12-06,MULTIPOLYGON (((125.25000390465851 37.000000205486884  125.5000019471883 37.000000205486884  125.5000019471883 36.7500022317695  125.25000390465851 36.7500022317695  125.25000390465851 37.000000205486884)))
65,50000_A,NI52-05-17,MULTIPOLYGON (((127.99999848841921 34.50002940527456  128.2499965309491 34.50002940527456  128.2499965309491 34.25003143155719  127.99999848841921 34.25003143155719  127.99999848841921 34.50002940527456)))
67,50000_A,NI52-05-11,MULTIPOLYGON (((128.49999653610908 34.750027222580265  128.7499945786389 34.750027222580265  128.7499945786389 34.50002924886288  128.49999653610908 34.50002924886288  128.49999653610908 34.750027222580265)))
68,50000_A,NI52-05-10,MULTIPOLYGON (((128.24999849357928 34.750027222580265  128.49999653610908 34.750027222580265  128.49999653610908 34.50002924886288  128.24999849357928 34.50002924886288  128.24999849357928 34.750027222580265)))
37,50000_A,NI52-07-13,MULTIPOLYGON (((126.9999976000215 33.75004774238875  127.24999564255128 33.75004774238875  127.24999564255128 33.50004976867138  126.9999976000215 33.50004976867138  126.9999976000215 33.75004774238875)))
72,50000_A,NI52-05-03,MULTIPOLYGON (((128.49999653610908 35.00002519629763  128.7499945786389 35.00002519629763  128.7499945786389 34.750027222580265  128.49999653610908 34.750027222580265  128.49999653610908 35.00002519629763)))
73,50000_A,NI52-05-02,MULTIPOLYGON (((128.2499965309491 35.00002535270932  128.49999457347892 35.00002535270932  128.49999457347892 34.750027378991945  128.2499965309491 34.750027378991945  128.2499965309491 35.00002535270932)))
74,50000_A,NI52-05-01,MULTIPOLYGON (((127.99999848841921 35.00002535270932  128.2499965309491 35.00002535270932  128.2499965309491 34.750027378991945  127.99999848841921 34.750027378991945  127.99999848841921 35.00002535270932)))
213,50000_A,NJ52-07-27,MULTIPOLYGON (((126.5000042356741 37.24995606761364  126.75000227820391 37.24995606761364  126.75000227820391 36.999958093896254  126.5000042356741 36.999958093896254  126.5000042356741 37.24995606761364)))
214,50000_A,NJ52-07-26,MULTIPOLYGON (((126.2500061852903 37.24996015587685  126.5000042278202 37.24996015587685  126.5000042278202 36.999962182159464  126.2500061852903 36.999962182159464  126.2500061852903 37.24996015587685)))
16,250000_A,NI52-01,MULTIPOLYGON (((125.99999848290321 35.000033409664155  125.99999849083356 35.250032900420145  125.99999924674462 35.50001669367171  125.99999851728484 35.75003188065893  125.99999923889071 36.000016729369676  126.24999925083749 36.0000167262551  126.49999924869083 36.00001672755942  126.74999924777802 36.00001673075456  126.99999924691733 36.000016731820324  127.2499992447514 36.000016725575385  127.49999924705914 36.00001673249831  127.7499992501317 36.00001672966714  127.99999925453336 36.00001672593591  127.9999992445253 35.7500168027233  127.99999925030794 35.50001679836952  127.99999924756104 35.25001679152238  127.99999924440678 35.000016777545326  127.74999923924676 35.000016933957006  127.4999992488304 35.000016659702894  127.24999921269205 35.00001785576383  126.99999917496078 35.00001889416458  126.7499991068365 35.00002061705934  126.49999925238969 35.000016676485366  126.2499987857877 35.000027409611235  125.99999848290321 35.000033409664155)))
129,50000_A,NI52-02-27,MULTIPOLYGON (((128.49999188345942 35.25005178232893  128.7499899259892 35.25005178232893  128.7499899259892 35.00005380861155  128.49999188345942 35.00005380861155  128.49999188345942 35.25005178232893)))
130,50000_A,NI52-02-26,MULTIPOLYGON (((128.24999264405858 35.25003504776525  128.4999906865884 35.25003504776525  128.4999906865884 35.00003707404788  128.24999264405858 35.00003707404788  128.24999264405858 35.25003504776525)))
131,50000_A,NI52-02-25,MULTIPOLYGON (((127.99998916111441 35.25006035610803  128.2499872036442 35.25006035610803  128.2499872036442 35.000062382390645  127.99998916111441 35.000062382390645  127.99998916111441 35.25006035610803)))
134,50000_A,NI52-02-21,MULTIPOLYGON (((128.99998722867778 35.500078362156685  129.2499852712076 35.500078362156685  129.2499852712076 35.2500803884393  128.99998722867778 35.2500803884393  128.99998722867778 35.500078362156685)))
66,50000_A,NI52-05-12,MULTIPOLYGON (((128.7499991123525 34.75001458638713  128.9999971548824 34.75001458638713  128.9999971548824 34.50001661266975  128.7499991123525 34.50001661266975  128.7499991123525 34.75001458638713)))
71,50000_A,NI52-05-04,MULTIPOLYGON (((128.7499991123525 35.0000125601045  128.9999971548824 35.0000125601045  128.9999971548824 34.75001458638713  128.7499991123525 34.75001458638713  128.7499991123525 35.0000125601045)))
128,50000_A,NI52-02-28,MULTIPOLYGON (((128.74998978504772 35.250047563503216  128.9999878275776 35.250047563503216  128.9999878275776 35.00004958978584  128.74998978504772 35.00004958978584  128.74998978504772 35.250047563503216)))
117,50000_A,NI51-06-15,MULTIPOLYGON (((125.50000314370449 34.75001880726172  125.7500011862343 34.75001880726172  125.7500011862343 34.50002083354434  125.50000314370449 34.50002083354434  125.50000314370449 34.75001880726172)))
118,50000_A,NI51-06-14,MULTIPOLYGON (((125.2500031385444 34.7500189636734  125.5000011810743 34.7500189636734  125.5000011810743 34.50002098995602  125.2500031385444 34.50002098995602  125.2500031385444 34.7500189636734)))
15,250000_A,NI52-02,MULTIPOLYGON (((127.99999924440677 35.000016777545326  127.99999925233712 35.250016268301316  128.00000000824818 35.50000006155288  127.9999992787884 35.7500152485401  128.00000000039427 36.00000009725085  128.25000001234105 36.00000009413627  128.50000001019438 36.00000009544059  128.75000000928156 36.00000009863573  129.0000000084209 36.000000099701495  129.25000000625494 36.000000093456556  129.5000000085627 36.00000010037948  129.75000001163525 36.00000009754831  130.00000001603692 36.00000009381708  130.00000000602887 35.75000017060447  130.0000000118115 35.50000016625069  130.0000000090646 35.25000015940355  130.00000000591035 35.0000001454265  129.75000000075033 35.00000030183818  129.50000001033396 35.000000027584065  129.2499999741956 35.000001223645  128.99999993646435 35.000002262045754  128.74999986834007 35.00000398494051  128.50000001389324 35.00000004436654  128.24999954729125 35.000010777492406  127.99999924440677 35.000016777545326)))
24,250000_A,NJ51-09,MULTIPOLYGON (((123.99999923337464 37.000016681194026  123.99999924130499 37.250016171950016  123.99999999721605 37.49999996520158  123.99999926775627 37.7500151521888  123.99999998936214 38.00000000089955  124.25000000130892 37.99999999778497  124.49999999916226 37.99999999908929  124.74999999824945 38.00000000228443  124.99999999738876 38.000000003350195  125.24999999522282 37.999999997105256  125.49999999753057 38.00000000402818  125.75000000060312 38.00000000119701  126.0000000050048 37.99999999746578  125.99999999499673 37.75000007425317  126.00000000077937 37.50000006989939  125.99999999803246 37.25000006305225  125.99999999487821 37.0000000490752  125.74999998971819 37.00000020548688  125.49999999930183 36.999999931232765  125.24999996316348 37.0000011272937  124.9999999254322 37.000002165694454  124.74999985730793 37.00000388858921  124.50000000286111 36.99999994801524  124.24999953625912 37.000010681141106  123.99999923337464 37.000016681194026)))
216,50000_A,NJ52-07-19,MULTIPOLYGON (((126.5000042356741 37.49995404133102  126.75000227820391 37.49995404133102  126.75000227820391 37.24995606761364  126.5000042356741 37.24995606761364  126.5000042356741 37.49995404133102)))
217,50000_A,NJ52-07-18,MULTIPOLYGON (((126.2500061852903 37.499958129594226  126.5000042278202 37.499958129594226  126.5000042278202 37.24996015587685  126.2500061852903 37.24996015587685  126.2500061852903 37.499958129594226)))
219,50000_A,NJ52-07-11,MULTIPOLYGON (((126.5000042278202 37.749956103311604  126.75000227035 37.749956103311604  126.75000227035 37.499958129594226  126.5000042278202 37.499958129594226  126.5000042278202 37.749956103311604)))
220,50000_A,NJ52-07-10,MULTIPOLYGON (((126.2500061852903 37.749956103311604  126.5000042278202 37.749956103311604  126.5000042278202 37.499958129594226  126.2500061852903 37.499958129594226  126.2500061852903 37.749956103311604)))
223,50000_A,NJ51-09-31,MULTIPOLYGON (((125.500004665806 37.24998944762859  125.75000270833591 37.24998944762859  125.75000270833591 36.99999147391121  125.500004665806 36.99999147391121  125.500004665806 37.24998944762859)))
225,50000_A,NJ51-09-23,MULTIPOLYGON (((125.500004665806 37.49998742134597  125.75000270833591 37.49998742134597  125.75000270833591 37.24998944762859  125.500004665806 37.24998944762859  125.500004665806 37.49998742134597)))
229,50000_A,NJ52-07-02,MULTIPOLYGON (((126.25000422266008 37.99995423344067  126.50000226518988 37.99995423344067  126.50000226518988 37.74995625972329  126.25000422266008 37.74995625972329  126.25000422266008 37.99995423344067)))
230,50000_A,NJ52-07-03,MULTIPOLYGON (((126.50000226518988 37.99995423344067  126.75000030771967 37.99995423344067  126.75000030771967 37.74995625972329  126.50000226518988 37.74995625972329  126.50000226518988 37.99995423344067)))
232,50000_A,NJ52-07-20,MULTIPOLYGON (((126.75000227820391 37.499954041331016  127.0000003207337 37.499954041331016  127.0000003207337 37.24995606761364  126.75000227820391 37.24995606761364  126.75000227820391 37.499954041331016)))
12,250000_A,NI51-06,MULTIPOLYGON (((123.99999696541214 34.00006672207746  123.99999697334249 34.25006621283345  123.99999772925355 34.50005000608502  123.99999699979377 34.75006519307224  123.99999772139964 35.000050041782984  124.24999773334642 35.000050038668405  124.49999773119976 35.00005003997273  124.74999773028695 35.00005004316787  124.99999772942625 35.00005004423363  125.24999772726032 35.00005003798869  125.49999772956807 35.00005004491162  125.74999773264062 35.000050042080446  125.99999773704229 35.000050038349215  125.99999772703423 34.75005011513661  125.99999773281687 34.50005011078283  125.99999773006996 34.250050103935685  125.99999772691571 34.000050089958634  125.74999772175569 34.000050246370314  125.49999773133933 34.0000499721162  125.24999769520097 34.00005116817714  124.9999976574697 34.00005220657789  124.74999758934543 34.00005392947265  124.49999773489861 34.000049988898674  124.24999726829662 34.00006072202454  123.99999696541214 34.00006672207746)))
36,50000_A,NI51-09-04,MULTIPOLYGON (((124.74999966944391 34.00005024600979  124.9999977119737 34.00005024600979  124.9999977119737 33.75005227229241  124.74999966944391 33.75005227229241  124.74999966944391 34.00005024600979)))
78,50000_A,NI52-04-30,MULTIPOLYGON (((127.24999188280572 34.25005171611051  127.4999899253355 34.25005171611051  127.4999899253355 34.00005374239313  127.24999188280572 34.00005374239313  127.24999188280572 34.25005171611051)))
79,50000_A,NI52-04-29,MULTIPOLYGON (((126.99999383242191 34.250055804373716  127.2499918749518 34.250055804373716  127.2499918749518 34.00005783065635  126.99999383242191 34.00005783065635  126.99999383242191 34.250055804373716)))
85,50000_A,NI52-04-23,MULTIPOLYGON (((127.4999938398962 34.5000537715287  127.74999188242599 34.5000537715287  127.74999188242599 34.25005579781132  127.4999938398962 34.25005579781132  127.4999938398962 34.5000537715287)))
86,50000_A,NI52-04-22,MULTIPOLYGON (((127.24999188280572 34.50004968982789  127.4999899253355 34.50004968982789  127.4999899253355 34.25005171611051  127.24999188280572 34.25005171611051  127.24999188280572 34.50004968982789)))
87,50000_A,NI52-04-21,MULTIPOLYGON (((126.99999383242191 34.5000537780911  127.2499918749518 34.5000537780911  127.2499918749518 34.250055804373716  126.99999383242191 34.250055804373716  126.99999383242191 34.5000537780911)))
88,50000_A,NI52-04-20,MULTIPOLYGON (((126.7499938272619 34.50005393450278  126.9999918697918 34.50005393450278  126.9999918697918 34.250055960785396  126.7499938272619 34.250055960785396  126.7499938272619 34.50005393450278)))
89,50000_A,NI52-04-19,MULTIPOLYGON (((126.49999426490321 34.50007517309397  126.74999230743299 34.50007517309397  126.74999230743299 34.25007719937659  126.49999426490321 34.25007719937659  126.49999426490321 34.50007517309397)))
90,50000_A,NI52-04-18,MULTIPOLYGON (((126.2499962145195 34.50007926135718  126.4999942570493 34.50007926135718  126.4999942570493 34.2500812876398  126.2499962145195 34.2500812876398  126.2499962145195 34.50007926135718)))
100,50000_A,NI52-04-07,MULTIPOLYGON (((127.4999930760548 35.000062382390645  127.74999111858459 35.000062382390645  127.74999111858459 34.75006440867328  127.4999930760548 34.75006440867328  127.4999930760548 35.000062382390645)))
101,50000_A,NI52-04-06,MULTIPOLYGON (((127.2499911111104 35.000062388953054  127.4999891536402 35.000062388953054  127.4999891536402 34.750064415235684  127.2499911111104 34.750064415235684  127.2499911111104 35.000062388953054)))
102,50000_A,NI52-04-05,MULTIPOLYGON (((126.9999930685806 35.000062388953054  127.2499911111104 35.000062388953054  127.2499911111104 34.750064415235684  126.9999930685806 34.750064415235684  126.9999930685806 35.000062388953054)))
103,50000_A,NI52-04-02,MULTIPOLYGON (((126.2499977422023 35.000049881937535  126.49999578473209 35.000049881937535  126.49999578473209 34.750051908220165  126.2499977422023 34.750051908220165  126.2499977422023 35.000049881937535)))
104,50000_A,NI52-04-01,MULTIPOLYGON (((125.99999773704229 35.00005003834921  126.24999577957209 35.00005003834921  126.24999577957209 34.75005206463184  125.99999773704229 34.75005206463184  125.99999773704229 35.00005003834921)))
105,50000_A,NI51-06-13,MULTIPOLYGON (((125.00000043059141 34.75003543558626  125.24999847312121 34.75003543558626  125.24999847312121 34.50003746186888  125.00000043059141 34.50003746186888  125.00000043059141 34.75003543558626)))
106,50000_A,NI51-06-32,MULTIPOLYGON (((125.75000119408821 34.25001877156375  125.99999923661801 34.25001877156375  125.99999923661801 34.00002079784638  125.75000119408821 34.00002079784638  125.75000119408821 34.25001877156375)))
107,50000_A,NI51-06-31,MULTIPOLYGON (((125.50000314370449 34.25002285982696  125.7500011862343 34.25002285982696  125.7500011862343 34.00002488610958  125.50000314370449 34.00002488610958  125.50000314370449 34.25002285982696)))
108,50000_A,NI51-06-30,MULTIPOLYGON (((125.2500031385444 34.25002301623864  125.5000011810743 34.25002301623864  125.5000011810743 34.00002504252127  125.2500031385444 34.00002504252127  125.2500031385444 34.25002301623864)))
109,50000_A,NI51-06-29,MULTIPOLYGON (((125.0000004384453 34.25003539988829  125.2499984809751 34.25003539988829  125.2499984809751 34.00003742617091  125.0000004384453 34.00003742617091  125.0000004384453 34.25003539988829)))
110,50000_A,NI51-06-28,MULTIPOLYGON (((124.7500023880616 34.2500394881515  125.00000043059141 34.2500394881515  125.00000043059141 34.00004151443412  124.7500023880616 34.00004151443412  124.7500023880616 34.2500394881515)))
111,50000_A,NI51-06-24,MULTIPOLYGON (((125.75000119408821 34.50001674528113  125.99999923661801 34.50001674528113  125.99999923661801 34.25001877156375  125.75000119408821 34.25001877156375  125.75000119408821 34.50001674528113)))
112,50000_A,NI51-06-23,MULTIPOLYGON (((125.50000314370449 34.50002083354434  125.7500011862343 34.50002083354434  125.7500011862343 34.25002285982696  125.50000314370449 34.25002285982696  125.50000314370449 34.50002083354434)))
113,50000_A,NI51-06-22,MULTIPOLYGON (((125.2500031385444 34.50002098995602  125.5000011810743 34.50002098995602  125.5000011810743 34.25002301623864  125.2500031385444 34.25002301623864  125.2500031385444 34.50002098995602)))
114,50000_A,NI51-06-21,MULTIPOLYGON (((125.0000004384453 34.50003337360567  125.2499984809751 34.50003337360567  125.2499984809751 34.25003539988829  125.0000004384453 34.25003539988829  125.0000004384453 34.50003337360567)))
115,50000_A,NI51-06-20,MULTIPOLYGON (((124.7500023880616 34.50003746186888  125.00000043059141 34.50003746186888  125.00000043059141 34.2500394881515  124.7500023880616 34.2500394881515  124.7500023880616 34.50003746186888)))
116,50000_A,NI51-06-16,MULTIPOLYGON (((125.7500011862343 34.75001880726172  125.9999992287641 34.75001880726172  125.9999992287641 34.50002083354434  125.7500011862343 34.50002083354434  125.7500011862343 34.75001880726172)))
119,50000_A,NI51-06-12,MULTIPOLYGON (((124.7500023880616 34.75003543558626  125.00000043059141 34.75003543558626  125.00000043059141 34.50003746186888  124.7500023880616 34.50003746186888  124.7500023880616 34.75003543558626)))
120,50000_A,NI51-06-08,MULTIPOLYGON (((125.7500011862343 35.00001678097909  125.9999992287641 35.00001678097909  125.9999992287641 34.75001880726172  125.7500011862343 34.75001880726172  125.7500011862343 35.00001678097909)))
121,50000_A,NI51-06-07,MULTIPOLYGON (((125.5000011810743 35.00001693739078  125.74999922360409 35.00001693739078  125.74999922360409 34.7500189636734  125.5000011810743 34.7500189636734  125.5000011810743 35.00001693739078)))
122,50000_A,NI51-06-06,MULTIPOLYGON (((125.2500031385444 35.00001693739078  125.5000011810743 35.00001693739078  125.5000011810743 34.7500189636734  125.2500031385444 34.7500189636734  125.2500031385444 35.00001693739078)))
123,50000_A,NI51-06-05,MULTIPOLYGON (((125.00000043059141 35.000033409303626  125.24999847312121 35.000033409303626  125.24999847312121 34.75003543558626  125.00000043059141 34.75003543558626  125.00000043059141 35.000033409303626)))
124,50000_A,NI51-06-04,MULTIPOLYGON (((124.75000042543141 35.000033565715306  124.99999846796119 35.000033565715306  124.99999846796119 34.75003559199794  124.75000042543141 34.75003559199794  124.75000042543141 35.000033565715306)))
80,50000_A,NI52-04-28,MULTIPOLYGON (((126.7499938272619 34.250055960785396  126.9999918697918 34.250055960785396  126.9999918697918 34.00005798706803  126.7499938272619 34.00005798706803  126.7499938272619 34.250055960785396)))
81,50000_A,NI52-04-27,MULTIPOLYGON (((126.49999426490321 34.25007719937659  126.74999230743299 34.25007719937659  126.74999230743299 34.00007922565921  126.49999426490321 34.00007922565921  126.49999426490321 34.25007719937659)))
82,50000_A,NI52-04-26,MULTIPOLYGON (((126.2499962145195 34.2500812876398  126.4999942570493 34.2500812876398  126.4999942570493 34.00008331392243  126.2499962145195 34.00008331392243  126.2499962145195 34.2500812876398)))
152,50000_A,NI51-03-32,MULTIPOLYGON (((125.7500027139171 35.24998942784208  126.00000075644691 35.24998942784208  126.00000075644691 34.9999914541247  125.7500027139171 34.9999914541247  125.7500027139171 35.24998942784208)))
153,50000_A,NI51-03-31,MULTIPOLYGON (((125.5000046635334 35.24999351610528  125.7500027060632 35.24999351610528  125.7500027060632 34.99999554238791  125.5000046635334 34.99999554238791  125.5000046635334 35.24999351610528)))
154,50000_A,NI51-03-30,MULTIPOLYGON (((125.2500046583733 35.24999367251697  125.50000270090321 35.24999367251697  125.50000270090321 34.999995698799594  125.2500046583733 34.999995698799594  125.2500046583733 35.24999367251697)))
155,50000_A,NI51-03-29,MULTIPOLYGON (((125.00000465606556 35.24999366559405  125.25000269859547 35.24999366559405  125.25000269859547 34.99999569187667  125.00000465606556 34.99999569187667  125.00000465606556 35.24999366559405)))
157,50000_A,NI51-03-23,MULTIPOLYGON (((125.5000046635334 35.499991489822655  125.7500027060632 35.499991489822655  125.7500027060632 35.24999351610528  125.5000046635334 35.24999351610528  125.5000046635334 35.499991489822655)))
69,50000_A,NI52-05-09,MULTIPOLYGON (((127.99999848841921 34.750027378991945  128.2499965309491 34.750027378991945  128.2499965309491 34.50002940527456  127.99999848841921 34.50002940527456  127.99999848841921 34.750027378991945)))
84,50000_A,NI52-04-24,MULTIPOLYGON (((127.7499918902799 34.50004968326549  127.9999899328097 34.50004968326549  127.9999899328097 34.25005170954811  127.7499918902799 34.25005170954811  127.7499918902799 34.50004968326549)))
92,50000_A,NI52-04-16,MULTIPOLYGON (((127.74999188242599 34.75005174524607  127.99998992495578 34.75005174524607  127.99998992495578 34.5000537715287  127.74999188242599 34.5000537715287  127.74999188242599 34.75005174524607)))
99,50000_A,NI52-04-08,MULTIPOLYGON (((127.74999111858459 35.000062382390645  127.99998916111441 35.000062382390645  127.99998916111441 34.75006440867328  127.74999111858459 34.75006440867328  127.74999111858459 35.000062382390645)))
144,50000_A,NI52-01-17,MULTIPOLYGON (((125.99999922091021 35.50001681667706  126.24999726344 35.50001681667706  126.24999726344 35.25001884295968  125.99999922091021 35.25001884295968  125.99999922091021 35.50001681667706)))
146,50000_A,NI52-01-10,MULTIPOLYGON (((126.24999922607019 35.75001463398276  126.49999726860001 35.75001463398276  126.49999726860001 35.50001666026538  126.24999922607019 35.50001666026538  126.24999922607019 35.75001463398276)))
147,50000_A,NI52-01-09,MULTIPOLYGON (((125.99999922091021 35.75001479039444  126.24999726344 35.75001479039444  126.24999726344 35.50001681667706  125.99999922091021 35.50001681667706  125.99999922091021 35.75001479039444)))
156,50000_A,NI51-03-24,MULTIPOLYGON (((125.7500027139171 35.49998740155945  126.00000075644691 35.49998740155945  126.00000075644691 35.24998942784208  125.7500027139171 35.24998942784208  125.7500027139171 35.49998740155945)))
158,50000_A,NI51-03-16,MULTIPOLYGON (((125.7500027060632 35.74998946354004  126.00000074859301 35.74998946354004  126.00000074859301 35.499991489822655  125.7500027060632 35.499991489822655  125.7500027060632 35.74998946354004)))
8,250000_A,NI52-05,MULTIPOLYGON (((127.99999848841927 34.000033457839805  127.99999849634962 34.250032948595795  127.99999925226068 34.50001674184736  127.9999985228009 34.75003192883458  127.99999924440677 35.000016777545326  128.24999925635353 35.00001677443075  128.4999992542069 35.00001677573507  128.74999925329408 35.00001677893021  128.99999925243338 35.000016779995974  129.24999925026745 35.000016773751035  129.4999992525752 35.00001678067396  129.74999925564777 35.00001677784279  129.99999926004944 35.00001677411156  129.99999925004136 34.75001685089895  129.99999925582398 34.50001684654517  129.99999925307708 34.25001683969803  129.99999924992284 34.00001682572098  129.74999924476282 34.00001698213266  129.49999925434645 34.000016707878544  129.2499992182081 34.00001790393948  128.99999918047683 34.00001894234023  128.74999911235255 34.00002066523499  128.49999925790576 34.000016724661016  128.24999879130377 34.000027457786885  127.99999848841927 34.000033457839805)))
